<?xml version="1.0"?>
<doc>
    <assembly>
        <name>MyGymProgressApi</name>
    </assembly>
    <members>
        <member name="T:MyGymProgressApi.Handlers.CsvHandler.Records.TrainingSessionCsv">
            <summary>
            Represents a training session as imported from a CSV file, including all related exercises.
            </summary>
        </member>
        <member name="T:MyGymProgressApi.Migrations.InitialCreate">
            <inheritdoc />
        </member>
        <member name="M:MyGymProgressApi.Migrations.InitialCreate.Up(Microsoft.EntityFrameworkCore.Migrations.MigrationBuilder)">
            <inheritdoc />
        </member>
        <member name="M:MyGymProgressApi.Migrations.InitialCreate.Down(Microsoft.EntityFrameworkCore.Migrations.MigrationBuilder)">
            <inheritdoc />
        </member>
        <member name="M:MyGymProgressApi.Migrations.InitialCreate.BuildTargetModel(Microsoft.EntityFrameworkCore.ModelBuilder)">
            <inheritdoc />
        </member>
        <member name="T:MyGymProgress.Data.AppDbContext">
            <summary>
            Database Migrations schematics builder
            </summary>
        </member>
    </members>
</doc>
